loan_amnt,term,int_rate,installment,annual_inc,dti,delinq_2yrs,inq_last_6mths,open_acc,pub_rec,revol_bal,revol_util,total_acc,pub_rec_bankruptcies,emp_length,grade,sub_grade,home_ownership,verification_status,purpose
7500,36,14.75,259.08,30000.0,20.4,0,2,10,0,1244,44.4,18,0.0,1.0,E,E2,RENT,NOT VERIFIED,MAJOR_PURCHASE
10000,36,13.22,338.01,44160.0,19.32,0,1,6,0,8540,87.1,11,0.0,7.0,C,C2,OTHER,SOURCE VERIFIED,DEBT_CONSOLIDATION
5000,36,9.99,161.32,65000.0,16.62,0,0,6,0,3167,43.4,17,0.0,9.0,B,B1,MORTGAGE,SOURCE VERIFIED,HOME_IMPROVEMENT
16000,60,11.86,354.79,80000.0,14.63,0,1,8,0,14772,41.4,18,0.0,4.0,B,B5,RENT,VERIFIED,DEBT_CONSOLIDATION
7000,36,11.86,232.04,24000.0,16.55,0,2,4,1,4793,63.1,17,1.0,5.0,B,B5,OWN,NOT VERIFIED,DEBT_CONSOLIDATION
9600,36,15.31,334.23,51000.0,5.81,2,0,9,0,3125,32.6,10,0.0,7.0,D,D3,RENT,NOT VERIFIED,DEBT_CONSOLIDATION
6400,36,15.96,224.88,97000.0,17.43,0,2,13,0,30002,90.1,41,0.0,3.0,C,C5,MORTGAGE,NOT VERIFIED,CREDIT_CARD
8500,36,7.14,262.99,74880.0,19.7,0,0,14,0,9411,20.3,20,0.0,10.0,A,A3,MORTGAGE,NOT VERIFIED,DEBT_CONSOLIDATION
12000,60,9.62,252.73,39996.0,14.19,0,1,5,0,2424,6.7,10,0.0,4.0,B,B3,RENT,NOT VERIFIED,OTHER
8000,36,11.49,263.78,61000.0,20.77,0,3,8,0,25484,75.4,22,0.0,1.0,B,B4,MORTGAGE,VERIFIED,DEBT_CONSOLIDATION
18000,36,14.72,621.52,95111.0,14.29,0,0,13,0,25908,70.4,24,0.0,10.0,C,C5,MORTGAGE,VERIFIED,DEBT_CONSOLIDATION
7500,36,13.22,253.51,50663.0,3.88,0,2,10,0,7321,50.5,28,0.0,0.0,C,C2,RENT,NOT VERIFIED,DEBT_CONSOLIDATION
20000,60,14.91,474.86,131000.0,17.93,0,3,19,0,30194,27.5,34,0.0,10.0,D,D2,MORTGAGE,VERIFIED,DEBT_CONSOLIDATION
12000,36,7.88,375.38,45000.0,5.23,1,2,6,0,9046,42.5,20,0.0,9.0,A,A5,RENT,NOT VERIFIED,CAR
10175,36,12.99,342.79,158000.0,24.03,0,0,9,0,57695,94.9,17,0.0,3.0,C,C1,RENT,NOT VERIFIED,DEBT_CONSOLIDATION
8000,60,17.51,201.03,110000.0,13.48,0,0,5,0,20037,71.6,28,0.0,10.0,E,E4,OWN,VERIFIED,SMALL_BUSINESS
5000,36,13.22,169.01,110000.0,15.4,0,2,10,0,53761,92.1,20,0.0,2.0,C,C2,MORTGAGE,NOT VERIFIED,HOME_IMPROVEMENT
8000,36,11.36,263.29,36000.0,17.83,1,0,9,0,3629,14.2,16,0.0,3.0,B,B5,RENT,VERIFIED,OTHER
14400,36,16.0,506.27,34000.0,14.86,0,0,9,0,8969,53.7,12,0.0,2.0,E,E2,OWN,VERIFIED,DEBT_CONSOLIDATION
6000,36,11.49,197.83,103000.0,9.47,1,0,13,1,12582,45.1,37,1.0,2.0,B,B4,MORTGAGE,VERIFIED,CREDIT_CARD
35000,60,19.42,639.26,120000.0,15.71,0,1,12,0,39402,89.3,31,0.0,0.0,E,E3,MORTGAGE,SOURCE VERIFIED,DEBT_CONSOLIDATION
10000,60,17.56,251.55,30000.0,20.72,0,3,13,0,16625,89.4,21,0.0,2.0,E,E4,RENT,SOURCE VERIFIED,DEBT_CONSOLIDATION
13000,36,8.94,413.03,45000.0,13.17,0,0,8,0,5623,20.0,22,0.0,10.0,A,A5,RENT,NOT VERIFIED,DEBT_CONSOLIDATION
3500,36,15.21,121.69,17280.0,9.58,0,0,15,0,3962,32.2,18,0.0,0.0,D,D2,RENT,NOT VERIFIED,DEBT_CONSOLIDATION
18000,60,16.89,446.29,96000.0,10.91,0,0,8,0,1863,66.5,22,0.0,0.0,D,D4,OWN,VERIFIED,HOME_IMPROVEMENT
3500,36,16.49,123.9,22292.0,4.74,0,0,3,0,1619,73.6,5,0.0,5.0,D,D3,RENT,SOURCE VERIFIED,DEBT_CONSOLIDATION
12000,60,18.99,311.23,62000.0,23.52,0,3,4,0,3962,99.0,25,0.0,4.0,F,F3,MORTGAGE,VERIFIED,DEBT_CONSOLIDATION
5000,36,9.32,159.74,58979.28,10.46,0,1,5,0,152,0.6,14,0.0,2.0,A,A4,RENT,NOT VERIFIED,HOUSE
7800,60,11.99,173.47,40560.0,21.12,0,1,9,0,1040,19.3,29,0.0,2.0,B,B5,RENT,SOURCE VERIFIED,CAR
20000,36,14.54,688.81,120000.0,7.91,0,0,12,1,9578,87.6,25,1.0,2.0,D,D1,MORTGAGE,VERIFIED,CREDIT_CARD
5000,36,11.86,165.74,85000.0,9.3,0,0,14,1,15833,82.9,26,1.0,2.0,B,B5,MORTGAGE,VERIFIED,HOME_IMPROVEMENT
9000,36,7.74,280.97,33612.0,15.1,0,0,8,0,8880,17.0,16,0.0,0.0,A,A3,MORTGAGE,NOT VERIFIED,DEBT_CONSOLIDATION
14975,36,12.53,501.16,30000.0,16.08,0,1,7,0,6327,66.6,11,0.0,2.0,B,B5,RENT,NOT VERIFIED,DEBT_CONSOLIDATION
13000,60,17.49,326.52,65000.0,11.58,1,3,9,0,2129,36.1,15,0.0,8.0,D,D5,MORTGAGE,VERIFIED,DEBT_CONSOLIDATION
12000,36,7.49,373.22,65000.0,10.49,0,1,15,0,18443,25.2,25,0.0,1.0,A,A4,MORTGAGE,NOT VERIFIED,DEBT_CONSOLIDATION
5375,36,10.65,175.09,42000.0,17.69,0,0,10,0,27122,79.8,21,0.0,5.0,B,B2,MORTGAGE,SOURCE VERIFIED,CREDIT_CARD
7000,36,8.49,220.95,50000.0,23.59,0,2,15,0,9790,34.4,27,0.0,8.0,A,A5,RENT,SOURCE VERIFIED,DEBT_CONSOLIDATION
6000,36,10.59,195.27,46151.04,11.08,0,0,12,0,12404,74.0,20,0.0,2.0,B,B2,RENT,NOT VERIFIED,CAR
6950,36,9.32,222.03,30000.0,23.24,0,0,8,0,16775,47.4,14,0.0,10.0,A,A4,MORTGAGE,NOT VERIFIED,SMALL_BUSINESS
10000,36,11.14,328.04,36000.0,4.77,0,0,6,0,172,0.9,11,0.0,2.0,B,B1,RENT,NOT VERIFIED,MEDICAL
8000,36,11.99,265.68,25000.0,16.03,0,0,6,0,11379,97.3,9,0.0,6.0,B,B5,RENT,NOT VERIFIED,DEBT_CONSOLIDATION
12000,60,13.49,276.06,48000.0,19.13,0,0,8,0,14383,81.7,13,0.0,4.0,C,C2,RENT,SOURCE VERIFIED,DEBT_CONSOLIDATION
8000,60,15.58,192.77,200000.0,11.29,0,0,16,0,24204,78.1,26,0.0,2.0,D,D3,RENT,SOURCE VERIFIED,OTHER
7000,36,7.49,217.72,75000.0,16.83,0,0,14,1,4547,14.4,24,1.0,4.0,A,A4,RENT,NOT VERIFIED,DEBT_CONSOLIDATION
9600,36,10.99,314.25,34000.0,4.45,0,2,8,0,3708,37.8,10,0.0,7.0,B,B3,RENT,SOURCE VERIFIED,DEBT_CONSOLIDATION
6000,36,13.47,203.54,40000.0,4.62,0,0,6,1,7110,58.3,13,0.0,5.0,C,C4,OWN,NOT VERIFIED,SMALL_BUSINESS
17200,36,17.58,618.21,95000.0,8.98,0,0,12,0,11585,75.7,17,0.0,10.0,D,D4,RENT,SOURCE VERIFIED,DEBT_CONSOLIDATION
6200,36,8.49,195.7,56000.0,16.52,0,1,8,0,4498,45.9,11,0.0,4.0,A,A5,RENT,NOT VERIFIED,DEBT_CONSOLIDATION
6000,36,13.49,203.59,22500.0,8.32,0,1,5,0,5552,81.6,10,0.0,2.0,C,C1,MORTGAGE,NOT VERIFIED,DEBT_CONSOLIDATION
20000,36,10.99,654.68,80000.0,13.72,0,2,12,0,15797,35.2,30,0.0,5.0,B,B3,MORTGAGE,VERIFIED,DEBT_CONSOLIDATION
35000,36,14.54,1205.42,145000.0,25.09,0,0,5,0,44422,68.6,22,0.0,2.0,D,D1,RENT,VERIFIED,CREDIT_CARD
28000,60,15.96,680.32,60000.0,8.32,0,1,4,0,14537,89.8,11,0.0,3.0,C,C5,MORTGAGE,VERIFIED,DEBT_CONSOLIDATION
24250,60,11.49,533.2,62000.0,23.17,0,1,21,0,25835,33.9,44,0.0,10.0,B,B4,MORTGAGE,VERIFIED,DEBT_CONSOLIDATION
1500,36,6.99,46.31,12000.0,24.4,0,0,8,0,1751,33.0,14,0.0,1.0,A,A3,RENT,SOURCE VERIFIED,MAJOR_PURCHASE
8000,60,18.39,204.85,24000.0,10.3,0,0,3,0,9376,82.2,7,0.0,2.0,E,E2,RENT,NOT VERIFIED,CAR
10800,36,10.0,348.49,65000.0,15.12,0,1,12,0,13601,37.2,21,0.0,1.0,B,B2,MORTGAGE,SOURCE VERIFIED,HOME_IMPROVEMENT
2100,36,17.14,75.02,60000.0,3.42,0,1,3,0,7229,97.7,7,0.0,10.0,E,E3,RENT,SOURCE VERIFIED,DEBT_CONSOLIDATION
1500,36,11.36,49.37,58000.0,24.74,0,1,12,0,22238,72.4,22,0.0,10.0,B,B5,MORTGAGE,NOT VERIFIED,MEDICAL
8000,36,6.91,169.6,25000.0,15.55,0,1,9,0,5050,56.5,15,0.0,5.0,A,A5,RENT,NOT VERIFIED,DEBT_CONSOLIDATION
13150,36,13.24,444.6,37692.0,20.66,0,2,11,0,2796,38.8,18,0.0,2.0,D,D3,RENT,NOT VERIFIED,DEBT_CONSOLIDATION
6000,60,10.75,129.71,19200.0,10.63,0,2,8,0,921,5.0,27,0.0,6.0,B,B2,MORTGAGE,SOURCE VERIFIED,HOME_IMPROVEMENT
7000,60,14.27,163.86,45996.0,12.18,0,2,11,0,27126,67.1,16,0.0,4.0,C,C2,MORTGAGE,SOURCE VERIFIED,OTHER
5000,36,14.79,172.82,130000.0,8.82,9,2,7,0,1796,17.1,32,0.0,10.0,C,C4,MORTGAGE,VERIFIED,OTHER
12000,60,18.25,306.36,24000.0,10.4,2,0,5,0,9905,50.3,29,0.0,3.0,D,D5,RENT,VERIFIED,DEBT_CONSOLIDATION
18000,36,10.99,589.22,90000.0,10.4,0,0,6,0,9082,78.3,13,0.0,0.0,B,B3,MORTGAGE,VERIFIED,DEBT_CONSOLIDATION
4900,36,11.49,161.56,38400.0,23.75,2,0,6,0,1528,53.3,21,0.0,2.0,B,B4,RENT,NOT VERIFIED,WEDDING
8400,36,12.87,282.52,90000.0,14.99,0,3,13,0,30402,80.0,25,0.0,7.0,C,C1,OWN,NOT VERIFIED,HOME_IMPROVEMENT
12000,60,18.25,306.36,43000.0,15.24,0,1,14,0,7949,45.4,14,0.0,3.0,D,D5,RENT,VERIFIED,CREDIT_CARD
6000,36,5.99,182.51,50000.0,17.16,0,1,6,0,2931,49.7,24,0.0,7.0,A,A2,MORTGAGE,NOT VERIFIED,MAJOR_PURCHASE
4800,60,12.23,107.34,150000.0,15.55,0,0,11,0,29145,64.2,36,0.0,10.0,C,C1,MORTGAGE,NOT VERIFIED,MAJOR_PURCHASE
5000,60,14.17,116.79,40000.0,12.06,0,1,10,0,4640,74.6,14,0.0,9.0,C,C5,OWN,NOT VERIFIED,DEBT_CONSOLIDATION
7200,60,9.62,151.64,65000.0,1.64,0,1,8,1,3320,27.2,29,1.0,7.0,B,B3,MORTGAGE,NOT VERIFIED,RENEWABLE_ENERGY
10000,36,13.49,339.31,83050.0,22.56,0,1,14,0,25415,73.2,25,0.0,5.0,C,C2,MORTGAGE,VERIFIED,DEBT_CONSOLIDATION
3000,36,7.14,92.82,41235.0,19.85,0,0,7,0,5386,45.3,20,0.0,7.0,A,A3,OWN,NOT VERIFIED,OTHER
7000,36,7.51,217.77,38000.0,17.43,0,0,13,0,2701,9.1,20,0.0,5.0,A,A4,RENT,NOT VERIFIED,EDUCATIONAL
5500,60,8.49,112.82,39600.0,10.21,0,0,5,0,11825,36.6,17,0.0,6.0,A,A5,MORTGAGE,NOT VERIFIED,CAR
20000,36,15.31,696.31,95000.0,9.28,1,0,12,0,11219,32.4,30,0.0,4.0,D,D3,RENT,NOT VERIFIED,DEBT_CONSOLIDATION
21300,60,18.25,543.79,74292.48,24.1,0,0,7,0,10048,66.1,25,0.0,10.0,D,D5,MORTGAGE,VERIFIED,DEBT_CONSOLIDATION
2500,36,15.21,86.93,24000.0,5.8,2,1,9,0,2886,18.9,30,0.0,4.0,D,D2,OWN,SOURCE VERIFIED,DEBT_CONSOLIDATION
3000,36,13.23,101.42,31200.0,20.08,0,0,8,0,3397,56.6,10,0.0,0.0,C,C1,RENT,SOURCE VERIFIED,SMALL_BUSINESS
3000,36,7.68,93.58,70000.0,8.78,0,0,11,0,2211,6.2,19,0.0,3.0,A,A2,RENT,NOT VERIFIED,DEBT_CONSOLIDATION
13000,36,6.91,323.78,60000.0,3.4,0,0,5,0,387,16.1,12,0.0,4.0,A,A5,MORTGAGE,NOT VERIFIED,DEBT_CONSOLIDATION
3900,36,11.71,129.0,84000.0,8.0,1,0,9,0,38100,74.9,20,0.0,8.0,B,B3,MORTGAGE,SOURCE VERIFIED,DEBT_CONSOLIDATION
21000,60,15.65,506.79,57200.0,20.1,0,0,21,0,21558,58.7,35,0.0,5.0,D,D4,RENT,VERIFIED,DEBT_CONSOLIDATION
7500,36,13.48,254.44,32400.0,0.0,0,1,3,0,0,0.0,10,0.0,4.0,C,C3,MORTGAGE,NOT VERIFIED,OTHER
9800,36,5.99,298.1,80000.0,14.44,0,0,5,0,11466,34.6,18,0.0,3.0,A,A2,MORTGAGE,NOT VERIFIED,DEBT_CONSOLIDATION
5000,36,11.86,165.74,30996.0,9.76,0,3,2,0,0,0.0,11,0.0,2.0,B,B5,OWN,NOT VERIFIED,HOME_IMPROVEMENT
5600,36,15.96,196.77,41000.0,19.99,0,2,10,1,8411,50.4,24,1.0,10.0,C,C5,RENT,NOT VERIFIED,DEBT_CONSOLIDATION
10000,36,7.66,311.8,65000.0,14.57,0,1,18,0,50328,20.5,37,0.0,10.0,A,A5,MORTGAGE,NOT VERIFIED,DEBT_CONSOLIDATION
7500,36,11.34,180.95,97000.0,17.15,0,1,10,1,29243,96.2,16,1.0,0.0,C,C2,MORTGAGE,NOT VERIFIED,CREDIT_CARD
6700,36,10.99,219.32,25700.0,21.95,0,0,12,1,5705,55.4,37,1.0,3.0,B,B3,RENT,VERIFIED,DEBT_CONSOLIDATION
16000,60,17.51,402.05,120000.0,22.05,0,0,7,0,10914,85.3,19,0.0,4.0,E,E4,RENT,SOURCE VERIFIED,MAJOR_PURCHASE
34000,36,10.59,1106.53,81000.0,12.59,0,0,5,0,35656,70.0,31,0.0,10.0,B,B2,RENT,VERIFIED,DEBT_CONSOLIDATION
15000,36,10.99,491.01,120000.0,10.09,1,0,14,1,33884,77.4,28,1.0,3.0,B,B3,MORTGAGE,SOURCE VERIFIED,SMALL_BUSINESS
7300,36,13.61,248.12,26400.0,11.32,0,1,8,0,6992,56.8,18,0.0,1.0,C,C2,OWN,NOT VERIFIED,MEDICAL
3250,36,7.88,101.67,63996.0,20.95,0,0,17,0,16701,58.8,44,0.0,4.0,A,A5,MORTGAGE,SOURCE VERIFIED,OTHER
6000,36,15.27,208.79,66000.0,23.38,0,3,9,0,1297,11.6,37,0.0,10.0,C,C4,MORTGAGE,VERIFIED,OTHER
10000,36,13.61,339.89,91000.0,15.93,0,0,10,0,10116,88.6,28,0.0,10.0,C,C2,MORTGAGE,NOT VERIFIED,DEBT_CONSOLIDATION
6125,36,6.17,186.81,75000.0,1.01,0,0,15,0,0,0.0,25,0.0,7.0,A,A3,MORTGAGE,VERIFIED,CAR
1800,36,7.51,56.0,51000.0,16.89,0,0,10,0,5709,78.2,40,0.0,5.0,A,A4,RENT,NOT VERIFIED,MEDICAL
2400,36,5.42,72.39,27840.0,10.13,0,0,8,0,3178,12.3,23,0.0,2.0,A,A1,MORTGAGE,NOT VERIFIED,CREDIT_CARD
2500,36,13.92,85.35,82400.0,2.13,1,0,3,0,0,0.0,13,0.0,10.0,C,C4,RENT,VERIFIED,OTHER
9000,60,17.49,226.06,67596.0,13.7,0,2,15,1,5585,71.6,28,0.0,0.0,D,D5,RENT,NOT VERIFIED,DEBT_CONSOLIDATION
8400,36,6.03,255.66,45500.0,6.57,0,0,5,0,1494,8.4,7,0.0,1.0,A,A1,OWN,NOT VERIFIED,MAJOR_PURCHASE
5000,36,14.61,172.38,60000.0,20.92,0,1,9,0,3179,20.6,18,0.0,10.0,D,D1,MORTGAGE,NOT VERIFIED,DEBT_CONSOLIDATION
10450,36,7.51,325.11,55500.0,14.7,0,0,11,0,587,2.3,26,0.0,2.0,A,A4,RENT,SOURCE VERIFIED,DEBT_CONSOLIDATION
11500,36,8.49,362.98,22188.0,7.63,0,0,4,0,5150,40.2,9,0.0,9.0,A,A5,RENT,VERIFIED,DEBT_CONSOLIDATION
5600,60,13.23,128.08,36500.0,0.41,1,3,19,0,602,7.3,20,0.0,0.0,C,C1,RENT,SOURCE VERIFIED,CAR
14400,36,12.23,479.87,99996.0,3.71,0,2,9,0,10450,75.0,25,0.0,4.0,C,C1,MORTGAGE,SOURCE VERIFIED,MAJOR_PURCHASE
3000,36,20.3,111.95,43000.0,20.04,0,2,26,0,5892,32.0,40,0.0,2.0,E,E5,RENT,NOT VERIFIED,MOVING
4000,36,7.14,123.77,9600.0,13.88,0,0,19,0,3448,30.2,25,0.0,0.0,A,A3,RENT,VERIFIED,DEBT_CONSOLIDATION
9600,36,13.22,324.49,120000.0,4.91,0,1,7,0,1664,87.6,11,0.0,3.0,C,C2,MORTGAGE,VERIFIED,DEBT_CONSOLIDATION
10000,36,10.25,323.85,65000.0,9.3,0,1,11,0,3543,12.8,17,0.0,4.0,B,B2,RENT,NOT VERIFIED,WEDDING
14000,60,16.32,342.84,52000.0,16.38,0,0,10,0,10366,80.6,29,0.0,4.0,D,D5,RENT,SOURCE VERIFIED,DEBT_CONSOLIDATION
14500,60,15.65,349.93,56496.0,16.02,2,3,7,0,18223,80.3,22,0.0,8.0,D,D4,RENT,VERIFIED,MAJOR_PURCHASE
7000,60,9.62,147.43,63000.0,6.72,0,0,5,0,17598,25.8,20,0.0,10.0,B,B3,MORTGAGE,NOT VERIFIED,HOME_IMPROVEMENT
15000,36,5.42,452.4,40000.0,4.35,0,1,10,0,7886,11.8,27,0.0,4.0,A,A1,OWN,NOT VERIFIED,CREDIT_CARD
20000,60,13.99,465.27,105000.0,7.67,0,1,16,0,19581,41.0,27,0.0,9.0,C,C3,MORTGAGE,VERIFIED,DEBT_CONSOLIDATION
15000,60,19.91,396.66,41500.0,17.93,1,1,7,0,2923,32.1,22,0.0,2.0,E,E4,RENT,VERIFIED,DEBT_CONSOLIDATION
5000,36,16.02,175.84,94000.0,6.81,1,2,4,0,3854,96.3,13,0.0,10.0,D,D5,RENT,SOURCE VERIFIED,DEBT_CONSOLIDATION
7000,36,5.79,212.29,48000.0,16.52,0,0,6,0,0,0.0,14,0.0,5.0,A,A2,RENT,NOT VERIFIED,CREDIT_CARD
4800,60,10.38,102.89,93000.0,0.52,0,3,10,0,352,0.8,36,0.0,10.0,B,B1,MORTGAGE,SOURCE VERIFIED,OTHER
16000,60,11.86,354.79,150000.0,7.71,0,0,9,0,15977,61.9,27,0.0,9.0,B,B5,MORTGAGE,SOURCE VERIFIED,DEBT_CONSOLIDATION
2200,36,7.49,68.43,30000.0,8.24,0,1,4,0,3558,62.4,13,0.0,4.0,A,A4,RENT,SOURCE VERIFIED,SMALL_BUSINESS
25000,60,11.49,345.76,61080.0,20.84,0,1,12,0,8412,35.3,20,0.0,1.0,B,B4,RENT,VERIFIED,DEBT_CONSOLIDATION
12000,36,8.49,378.76,54000.0,8.24,0,0,11,0,13602,38.6,12,0.0,6.0,A,A5,RENT,NOT VERIFIED,DEBT_CONSOLIDATION
2000,60,16.45,49.12,30000.0,10.12,3,1,4,0,756,84.0,16,0.0,0.0,E,E1,MORTGAGE,NOT VERIFIED,DEBT_CONSOLIDATION
15000,36,11.86,497.22,60000.0,10.88,2,1,9,0,26885,44.4,31,0.0,10.0,B,B5,RENT,VERIFIED,SMALL_BUSINESS
4500,36,12.87,151.35,140004.0,18.99,4,0,11,0,778,33.8,38,0.0,8.0,C,C1,OTHER,NOT VERIFIED,MEDICAL
6500,36,14.79,224.66,21600.0,11.11,0,2,7,0,3059,78.4,18,0.0,3.0,C,C4,RENT,SOURCE VERIFIED,DEBT_CONSOLIDATION
7250,36,5.79,219.87,80000.0,28.7,0,0,13,0,24034,44.9,29,0.0,4.0,A,A2,MORTGAGE,NOT VERIFIED,WEDDING
12000,60,13.43,275.69,275004.0,0.62,0,1,5,0,5518,24.0,10,0.0,10.0,C,C3,MORTGAGE,VERIFIED,OTHER
9000,36,5.79,272.95,51000.0,18.24,0,0,14,0,6491,18.8,35,0.0,3.0,A,A2,RENT,NOT VERIFIED,CREDIT_CARD
4000,36,12.73,134.27,48804.0,8.73,0,3,6,0,3000,53.6,14,0.0,10.0,C,C1,RENT,NOT VERIFIED,DEBT_CONSOLIDATION
24000,60,15.99,583.51,60000.0,13.98,0,0,13,1,19900,27.7,31,1.0,10.0,D,D2,MORTGAGE,VERIFIED,DEBT_CONSOLIDATION
3600,36,7.37,111.77,42000.0,6.57,0,0,6,0,2521,22.1,16,0.0,0.0,A,A1,RENT,NOT VERIFIED,CAR
3000,36,10.36,97.31,50000.0,20.78,0,3,5,1,16225,83.6,16,1.0,10.0,B,B5,MORTGAGE,NOT VERIFIED,HOME_IMPROVEMENT
4000,36,10.95,130.86,34000.0,9.0,0,0,3,0,16142,38.1,4,0.0,0.0,B,B1,RENT,VERIFIED,VACATION
10000,36,13.72,340.42,80496.0,21.85,0,0,16,0,9781,66.1,30,0.0,2.0,C,C5,MORTGAGE,NOT VERIFIED,DEBT_CONSOLIDATION
13000,36,13.85,443.35,55000.0,13.9,0,1,7,0,20437,73.5,23,0.0,9.0,C,C4,MORTGAGE,VERIFIED,DEBT_CONSOLIDATION
9250,36,10.74,301.7,19200.0,12.63,0,0,5,0,1999,58.8,9,0.0,0.0,B,B4,OWN,VERIFIED,DEBT_CONSOLIDATION
6000,36,9.99,193.58,105000.0,20.58,1,3,13,0,21598,79.1,61,0.0,10.0,B,B1,MORTGAGE,NOT VERIFIED,CAR
4000,36,8.88,126.98,57500.0,8.64,1,0,5,0,2699,64.3,38,0.0,1.0,B,B1,RENT,NOT VERIFIED,MOVING
6000,36,9.99,193.58,33000.0,19.53,0,0,9,0,5218,45.4,15,0.0,4.0,B,B1,RENT,NOT VERIFIED,MAJOR_PURCHASE
20000,60,17.56,351.54,80004.0,4.87,0,1,7,0,3580,46.5,9,0.0,4.0,E,E4,MORTGAGE,VERIFIED,DEBT_CONSOLIDATION
5500,36,10.99,180.04,20400.0,21.59,0,0,11,0,5562,46.0,33,0.0,5.0,B,B3,MORTGAGE,NOT VERIFIED,DEBT_CONSOLIDATION
28000,36,7.9,876.13,120000.0,16.67,0,1,6,0,21064,46.1,13,0.0,5.0,A,A4,MORTGAGE,VERIFIED,SMALL_BUSINESS
16750,36,7.88,523.96,45344.0,20.7,0,0,9,0,22352,55.2,40,0.0,10.0,A,A5,MORTGAGE,VERIFIED,DEBT_CONSOLIDATION
18500,36,12.87,622.22,145000.0,1.62,0,0,6,0,25063,53.3,23,0.0,3.0,C,C1,RENT,VERIFIED,DEBT_CONSOLIDATION
10000,60,16.89,247.94,207996.0,11.04,0,0,9,0,4384,43.8,34,0.0,10.0,D,D4,MORTGAGE,VERIFIED,OTHER
10000,36,13.85,341.04,83976.0,1.8,0,2,7,0,3109,15.9,8,0.0,2.0,C,C4,RENT,NOT VERIFIED,MAJOR_PURCHASE
6000,36,6.17,183.0,57006.0,3.3,0,0,6,0,2962,34.8,17,0.0,10.0,A,A3,MORTGAGE,SOURCE VERIFIED,DEBT_CONSOLIDATION
11000,36,13.11,371.2,42000.0,1.31,1,1,8,0,11514,84.0,28,0.0,0.0,C,C2,RENT,VERIFIED,OTHER
28000,36,7.49,870.85,200000.0,14.44,0,3,16,0,8292,8.4,51,0.0,10.0,A,A4,MORTGAGE,VERIFIED,HOME_IMPROVEMENT
17000,60,12.68,384.03,40000.0,9.09,0,0,7,0,14335,50.2,12,0.0,4.0,C,C1,RENT,SOURCE VERIFIED,DEBT_CONSOLIDATION
6500,60,13.61,149.94,78000.0,8.4,0,0,6,0,4686,80.8,10,0.0,9.0,C,C2,RENT,NOT VERIFIED,DEBT_CONSOLIDATION
10400,36,5.79,315.4,85000.0,18.01,0,1,7,0,6571,21.9,20,0.0,10.0,A,A2,MORTGAGE,NOT VERIFIED,DEBT_CONSOLIDATION
5000,36,6.03,152.18,72000.0,17.82,0,0,10,0,103754,3.0,37,0.0,10.0,A,A1,MORTGAGE,NOT VERIFIED,CAR
10000,60,12.98,181.38,68640.0,13.13,0,1,7,0,26166,85.2,27,0.0,10.0,C,C3,RENT,NOT VERIFIED,DEBT_CONSOLIDATION
24000,36,10.99,785.65,75860.0,3.72,0,1,4,0,8901,21.0,24,0.0,9.0,B,B4,RENT,VERIFIED,DEBT_CONSOLIDATION
5000,60,10.36,107.13,30600.0,10.55,0,2,4,0,247,8.5,13,0.0,6.0,B,B5,RENT,VERIFIED,CAR
10000,36,10.71,326.02,76250.0,10.37,0,0,16,0,26888,26.2,39,,6.0,B,B5,RENT,NOT VERIFIED,DEBT_CONSOLIDATION
1275,36,11.36,41.97,45000.0,18.83,0,1,7,0,9961,85.9,12,0.0,3.0,B,B5,MORTGAGE,NOT VERIFIED,CREDIT_CARD
24000,36,14.84,605.28,62400.0,4.79,0,0,9,0,1427,16.8,20,0.0,3.0,D,D1,RENT,VERIFIED,CREDIT_CARD
5500,36,11.12,180.38,36396.0,3.13,0,0,7,0,3914,36.2,16,0.0,9.0,B,B3,MORTGAGE,NOT VERIFIED,DEBT_CONSOLIDATION
4000,36,9.63,128.38,48000.0,4.08,1,0,6,0,2667,58.0,15,0.0,1.0,B,B1,MORTGAGE,NOT VERIFIED,DEBT_CONSOLIDATION
6250,36,7.88,195.51,50000.0,0.26,0,1,4,0,0,0.0,19,0.0,0.0,A,A5,MORTGAGE,NOT VERIFIED,OTHER
8400,60,15.57,202.36,65000.0,6.39,1,1,6,0,474,39.5,21,0.0,10.0,D,D5,OWN,VERIFIED,DEBT_CONSOLIDATION
5000,36,11.49,164.86,27036.0,9.99,1,0,10,0,764,30.6,17,0.0,2.0,B,B4,RENT,NOT VERIFIED,DEBT_CONSOLIDATION
20200,36,14.74,697.65,30372.0,10.19,0,0,4,0,20167,89.6,8,0.0,2.0,D,D3,RENT,VERIFIED,DEBT_CONSOLIDATION
12000,36,5.99,365.01,80000.0,11.63,0,0,7,0,39,0.4,17,0.0,5.0,A,A2,MORTGAGE,SOURCE VERIFIED,HOME_IMPROVEMENT
13050,36,7.66,406.9,92500.0,4.92,0,1,8,0,15137,50.8,13,0.0,4.0,A,A5,RENT,VERIFIED,DEBT_CONSOLIDATION
12000,60,19.03,311.49,80000.0,15.29,0,3,7,0,12433,69.5,18,0.0,7.0,E,E2,MORTGAGE,SOURCE VERIFIED,DEBT_CONSOLIDATION
4000,36,14.22,137.14,12000.0,2.4,0,1,2,0,1088,51.8,5,0.0,0.0,C,C5,RENT,NOT VERIFIED,MAJOR_PURCHASE
4800,36,13.61,163.15,19764.0,15.79,0,0,10,0,6636,45.5,13,0.0,0.0,C,C2,OWN,NOT VERIFIED,DEBT_CONSOLIDATION
14000,60,16.77,346.21,103000.0,9.5,0,1,6,1,6548,81.8,25,1.0,10.0,D,D2,MORTGAGE,SOURCE VERIFIED,DEBT_CONSOLIDATION
7000,60,15.58,168.67,28800.0,22.38,0,1,8,0,7617,78.5,12,0.0,0.0,D,D3,RENT,VERIFIED,DEBT_CONSOLIDATION
5375,36,13.49,182.38,20868.0,18.23,0,1,8,0,7228,84.0,10,0.0,0.0,C,C1,OWN,SOURCE VERIFIED,DEBT_CONSOLIDATION
15000,36,14.35,515.22,66000.0,22.84,0,2,12,0,30378,83.5,23,0.0,4.0,C,C4,MORTGAGE,VERIFIED,DEBT_CONSOLIDATION
14000,36,10.25,453.39,100000.0,9.26,0,1,8,0,40267,66.2,36,0.0,10.0,B,B2,MORTGAGE,NOT VERIFIED,DEBT_CONSOLIDATION
20000,36,14.09,684.43,65000.0,15.21,1,4,21,0,13392,32.6,46,0.0,2.0,D,D1,MORTGAGE,VERIFIED,HOME_IMPROVEMENT
15000,36,10.37,486.62,68000.0,9.56,0,0,9,0,26541,48.8,19,0.0,7.0,B,B3,RENT,NOT VERIFIED,DEBT_CONSOLIDATION
3000,36,5.99,91.26,33000.0,19.24,0,1,13,0,3044,25.0,35,0.0,3.0,A,A2,RENT,NOT VERIFIED,DEBT_CONSOLIDATION
12000,36,12.42,400.99,38000.0,12.92,1,0,14,0,2630,39.8,23,0.0,2.0,B,B4,RENT,SOURCE VERIFIED,DEBT_CONSOLIDATION
11000,36,10.0,354.94,50000.0,7.15,0,1,16,0,8781,22.6,25,0.0,4.0,B,B2,RENT,VERIFIED,DEBT_CONSOLIDATION
8000,36,12.18,266.4,36000.0,17.27,0,3,9,1,7976,47.2,15,1.0,5.0,B,B4,RENT,NOT VERIFIED,DEBT_CONSOLIDATION
3500,36,13.98,119.59,125000.0,8.82,0,1,6,0,12480,96.0,40,0.0,2.0,C,C3,MORTGAGE,NOT VERIFIED,CREDIT_CARD
2500,36,10.99,81.84,24996.0,9.75,0,0,9,0,2141,53.5,17,0.0,0.0,B,B4,RENT,NOT VERIFIED,OTHER
10000,60,18.39,256.07,60000.0,13.86,0,1,13,0,7704,25.9,39,0.0,2.0,E,E2,RENT,VERIFIED,HOME_IMPROVEMENT
6000,36,14.91,207.73,33864.0,19.45,2,0,6,0,5541,72.0,25,0.0,2.0,D,D2,RENT,SOURCE VERIFIED,CREDIT_CARD
2600,36,9.25,82.99,72000.0,22.95,0,0,13,0,23161,83.6,53,0.0,2.0,B,B2,MORTGAGE,SOURCE VERIFIED,DEBT_CONSOLIDATION
5000,36,10.0,161.34,30900.0,17.79,0,2,5,0,4610,41.9,7,0.0,3.0,B,B2,RENT,SOURCE VERIFIED,DEBT_CONSOLIDATION
1200,36,11.71,39.7,58700.0,12.76,0,0,4,0,9872,84.4,7,0.0,8.0,B,B3,RENT,SOURCE VERIFIED,DEBT_CONSOLIDATION
5000,36,7.88,156.41,48996.0,8.67,0,0,12,0,1517,7.4,20,0.0,5.0,A,A5,RENT,SOURCE VERIFIED,MAJOR_PURCHASE
17000,60,17.58,427.82,75600.0,19.73,0,1,7,0,20152,74.1,17,0.0,3.0,D,D4,RENT,SOURCE VERIFIED,CREDIT_CARD
9875,60,18.07,251.14,52000.0,22.34,0,2,5,0,6553,92.3,17,0.0,9.0,D,D4,RENT,NOT VERIFIED,DEBT_CONSOLIDATION
25000,36,10.25,809.62,176000.0,2.05,0,1,11,0,99455,5.4,29,0.0,10.0,B,B2,MORTGAGE,VERIFIED,HOME_IMPROVEMENT
4000,36,7.9,125.17,36000.0,9.13,1,0,8,0,2691,24.2,17,0.0,5.0,A,A4,MORTGAGE,NOT VERIFIED,MEDICAL
12000,36,6.54,268.34,56000.0,12.04,0,0,8,0,3791,12.8,31,0.0,3.0,A,A4,MORTGAGE,VERIFIED,VACATION
10000,36,14.65,344.95,36000.0,9.6,0,1,7,0,10071,57.2,7,0.0,5.0,C,C3,RENT,NOT VERIFIED,CREDIT_CARD
26000,60,12.99,591.45,47000.0,16.67,0,0,6,0,26892,58.0,10,0.0,10.0,C,C1,RENT,VERIFIED,DEBT_CONSOLIDATION
1000,36,14.65,34.5,56000.0,16.66,0,1,17,0,40016,88.1,32,0.0,7.0,C,C3,OWN,NOT VERIFIED,DEBT_CONSOLIDATION
8000,36,10.0,258.14,42000.0,9.23,0,0,7,0,8382,81.4,8,0.0,5.0,B,B2,RENT,SOURCE VERIFIED,DEBT_CONSOLIDATION
9000,36,17.58,323.48,30000.0,7.56,3,0,4,1,1288,80.5,14,1.0,10.0,D,D4,RENT,VERIFIED,DEBT_CONSOLIDATION
10000,36,7.51,311.1,30000.0,5.4,0,0,7,0,5270,24.3,16,0.0,4.0,A,A4,RENT,NOT VERIFIED,OTHER
16000,60,11.49,351.81,42000.0,17.8,0,2,6,0,5304,28.5,12,0.0,5.0,B,B4,RENT,SOURCE VERIFIED,DEBT_CONSOLIDATION
6000,60,16.82,148.54,31000.0,20.48,1,1,9,0,6646,29.4,12,0.0,2.0,E,E2,RENT,NOT VERIFIED,DEBT_CONSOLIDATION
22750,60,10.99,494.53,65000.0,21.69,1,0,11,0,6570,38.4,40,0.0,0.0,B,B3,MORTGAGE,VERIFIED,SMALL_BUSINESS
3000,36,13.06,101.17,149400.0,9.58,0,0,11,0,19310,99.3,25,0.0,4.0,C,C2,RENT,SOURCE VERIFIED,MEDICAL
8000,36,9.2,255.15,35000.0,1.03,0,1,3,0,1834,12.8,4,,1.0,B,B1,RENT,NOT VERIFIED,MEDICAL
15000,60,12.61,218.78,33600.0,8.04,0,0,3,0,11,0.4,20,0.0,5.0,C,C2,RENT,SOURCE VERIFIED,SMALL_BUSINESS
14000,60,11.86,310.44,218000.0,6.74,0,0,11,1,9521,35.6,16,1.0,4.0,B,B5,MORTGAGE,VERIFIED,MAJOR_PURCHASE
15000,36,11.58,495.21,73000.0,10.22,0,1,4,0,16877,54.4,5,0.0,10.0,B,B3,MORTGAGE,NOT VERIFIED,DEBT_CONSOLIDATION
14500,60,9.99,308.02,91728.0,22.79,0,1,14,0,29903,65.1,35,0.0,10.0,B,B4,MORTGAGE,SOURCE VERIFIED,DEBT_CONSOLIDATION
6000,36,5.79,181.97,40000.0,15.15,0,0,13,0,10243,20.7,45,0.0,3.0,A,A2,RENT,NOT VERIFIED,DEBT_CONSOLIDATION
9900,60,14.91,235.06,53000.0,20.51,0,2,5,0,2381,19.8,13,0.0,1.0,D,D2,RENT,SOURCE VERIFIED,DEBT_CONSOLIDATION
6000,36,8.0,188.02,57000.0,14.04,0,1,7,0,2081,10.1,17,0.0,5.0,A,A3,RENT,NOT VERIFIED,OTHER
29000,36,7.51,902.22,67000.0,5.03,0,0,8,0,7351,40.8,27,0.0,1.0,A,A3,MORTGAGE,VERIFIED,HOME_IMPROVEMENT
7000,36,10.65,228.02,54000.0,29.64,0,1,23,0,25499,53.5,54,0.0,5.0,B,B2,MORTGAGE,SOURCE VERIFIED,DEBT_CONSOLIDATION
22500,36,11.36,740.5,96000.0,15.16,0,0,9,0,46265,70.7,12,0.0,1.0,B,B5,MORTGAGE,VERIFIED,DEBT_CONSOLIDATION
2500,36,11.58,82.54,120000.0,14.51,0,2,9,0,53094,91.2,27,0.0,7.0,B,B3,MORTGAGE,NOT VERIFIED,CAR
25000,36,11.86,828.69,115000.0,22.28,0,0,17,0,55508,43.4,40,0.0,10.0,B,B5,MORTGAGE,SOURCE VERIFIED,DEBT_CONSOLIDATION
8800,36,10.59,286.4,125000.0,17.77,0,0,15,0,53737,64.6,46,0.0,10.0,B,B2,MORTGAGE,SOURCE VERIFIED,DEBT_CONSOLIDATION
7000,60,19.04,181.74,107000.0,6.09,0,0,5,1,9017,93.0,9,1.0,2.0,F,F3,RENT,VERIFIED,HOUSE
4800,36,7.49,149.29,200000.0,3.11,0,0,7,0,2275,81.2,24,0.0,3.0,A,A4,MORTGAGE,VERIFIED,OTHER
21000,60,17.19,318.8,55000.0,9.75,0,3,3,0,15849,81.7,6,0.0,2.0,E,E3,RENT,SOURCE VERIFIED,CREDIT_CARD
7500,36,11.36,246.84,31600.0,5.16,0,2,4,1,562,9.4,6,0.0,4.0,B,B5,MORTGAGE,NOT VERIFIED,OTHER
5000,36,13.57,169.85,35520.0,14.05,1,0,3,0,233,46.6,7,0.0,3.0,C,C3,RENT,NOT VERIFIED,MAJOR_PURCHASE
8400,36,6.03,255.66,48000.0,13.55,0,0,8,0,13545,47.0,21,0.0,9.0,A,A1,MORTGAGE,NOT VERIFIED,DEBT_CONSOLIDATION
17000,36,16.07,598.3,60000.0,20.58,0,0,12,0,25426,91.8,16,0.0,1.0,D,D5,MORTGAGE,NOT VERIFIED,DEBT_CONSOLIDATION
2500,36,7.14,77.36,26592.0,3.61,0,1,6,0,300,0.0,24,0.0,1.0,A,A3,RENT,SOURCE VERIFIED,DEBT_CONSOLIDATION
2400,36,12.69,80.51,48000.0,15.28,0,2,19,0,8965,56.7,36,0.0,5.0,B,B5,OWN,NOT VERIFIED,VACATION
7000,36,11.11,229.54,36000.0,16.57,0,2,9,0,7626,33.4,10,0.0,5.0,B,B5,MORTGAGE,SOURCE VERIFIED,DEBT_CONSOLIDATION
3200,36,11.14,104.98,30000.0,5.04,0,0,4,0,6383,46.6,8,0.0,3.0,B,B1,RENT,NOT VERIFIED,DEBT_CONSOLIDATION
4800,36,17.49,172.31,52800.0,5.77,0,2,5,1,8176,99.7,9,0.0,5.0,D,D5,OWN,NOT VERIFIED,WEDDING
5400,36,7.29,167.46,62400.0,23.85,2,0,16,0,12280,15.7,23,0.0,3.0,A,A4,MORTGAGE,NOT VERIFIED,CAR
20000,60,8.88,414.01,100000.0,21.62,0,0,12,0,34171,64.8,25,0.0,10.0,B,B1,RENT,VERIFIED,DEBT_CONSOLIDATION
4000,36,7.14,123.77,47004.0,3.11,0,0,9,0,5963,24.8,11,0.0,2.0,A,A3,RENT,NOT VERIFIED,OTHER
8000,36,13.61,271.91,136092.0,19.2,0,3,14,0,71757,87.4,42,0.0,2.0,C,C2,MORTGAGE,VERIFIED,HOME_IMPROVEMENT
18000,36,10.99,589.22,65280.0,16.76,0,1,14,0,13505,35.9,41,0.0,4.0,B,B3,OWN,VERIFIED,DEBT_CONSOLIDATION
12000,36,11.71,396.92,200000.0,5.33,0,0,6,0,0,4.8,30,0.0,10.0,B,B3,MORTGAGE,SOURCE VERIFIED,HOME_IMPROVEMENT
6000,36,12.87,201.8,58000.0,18.12,0,1,6,0,6184,85.9,11,0.0,3.0,C,C1,RENT,NOT VERIFIED,CREDIT_CARD
6000,36,7.88,187.69,66000.0,9.6,0,1,6,1,790,5.3,23,0.0,3.0,A,A5,MORTGAGE,SOURCE VERIFIED,VACATION
23000,60,9.91,487.67,66996.0,8.15,0,0,12,0,4822,14.6,46,0.0,10.0,B,B1,MORTGAGE,VERIFIED,DEBT_CONSOLIDATION
14000,60,17.27,349.98,60500.0,19.95,0,0,7,0,11731,96.2,17,0.0,5.0,D,D3,RENT,VERIFIED,DEBT_CONSOLIDATION
9000,36,7.88,281.53,60000.0,19.54,0,3,11,0,11293,34.7,33,0.0,2.0,A,A5,RENT,NOT VERIFIED,DEBT_CONSOLIDATION
12000,36,12.42,400.99,69600.0,19.09,1,3,12,0,20419,69.2,31,0.0,5.0,B,B4,RENT,NOT VERIFIED,WEDDING
4000,36,7.9,125.17,70000.0,17.33,0,2,10,0,13641,54.1,21,0.0,5.0,A,A4,RENT,NOT VERIFIED,CREDIT_CARD
17500,36,13.85,596.84,49176.0,23.26,0,0,7,0,14443,79.8,18,0.0,7.0,C,C4,RENT,VERIFIED,DEBT_CONSOLIDATION
5750,36,13.57,195.32,42000.0,13.19,1,0,6,0,10417,91.4,14,0.0,1.0,C,C3,MORTGAGE,VERIFIED,CAR
12000,36,16.0,421.89,48000.0,13.26,0,3,16,0,2626,61.1,23,0.0,5.0,E,E2,RENT,VERIFIED,EDUCATIONAL
15000,36,12.42,501.23,77000.0,5.52,0,2,8,0,13220,75.1,18,0.0,10.0,B,B4,RENT,NOT VERIFIED,DEBT_CONSOLIDATION
8000,60,15.21,191.21,156000.0,20.78,0,0,15,0,2879,72.0,40,0.0,10.0,D,D2,MORTGAGE,VERIFIED,HOME_IMPROVEMENT
15600,60,17.49,391.83,60000.0,15.0,0,0,6,0,4119,51.5,11,0.0,10.0,D,D5,RENT,SOURCE VERIFIED,DEBT_CONSOLIDATION
11000,36,13.49,373.24,29472.0,12.91,0,0,6,0,7721,99.0,16,0.0,3.0,C,C2,RENT,SOURCE VERIFIED,CREDIT_CARD
2650,36,7.49,82.42,17795.0,21.11,0,2,15,0,1808,15.2,19,0.0,4.0,A,A4,OWN,NOT VERIFIED,DEBT_CONSOLIDATION
24000,36,15.28,835.27,125000.0,23.56,0,0,12,0,57107,95.5,30,0.0,3.0,D,D3,MORTGAGE,VERIFIED,DEBT_CONSOLIDATION
15000,36,16.49,531.0,86000.0,5.19,1,3,9,0,574,8.7,31,0.0,5.0,D,D3,MORTGAGE,VERIFIED,WEDDING
30000,60,19.69,789.66,160000.0,20.5,0,0,19,0,23277,83.6,36,0.0,0.0,E,E5,RENT,VERIFIED,DEBT_CONSOLIDATION
13725,60,16.02,333.92,50000.0,9.24,0,1,4,0,20894,96.3,12,0.0,10.0,D,D5,RENT,SOURCE VERIFIED,DEBT_CONSOLIDATION
2000,36,16.0,70.32,79000.0,12.58,0,2,9,0,4047,30.7,17,0.0,4.0,D,D5,MORTGAGE,NOT VERIFIED,SMALL_BUSINESS
7000,36,9.63,224.66,50000.0,21.96,0,1,11,0,9216,29.7,13,0.0,3.0,B,B1,RENT,NOT VERIFIED,DEBT_CONSOLIDATION
30000,60,18.79,475.83,100000.0,7.4,1,1,8,0,7295,49.0,31,0.0,1.0,E,E3,RENT,VERIFIED,DEBT_CONSOLIDATION
3600,36,7.51,112.0,59000.0,21.82,0,2,10,0,14602,36.6,27,0.0,9.0,A,A3,MORTGAGE,VERIFIED,MEDICAL
6000,36,7.51,186.67,75000.0,8.74,0,2,7,0,24391,75.5,18,0.0,6.0,A,A3,MORTGAGE,SOURCE VERIFIED,DEBT_CONSOLIDATION
20000,36,14.72,690.57,76800.0,18.33,0,1,17,0,19283,49.2,48,0.0,5.0,C,C5,MORTGAGE,VERIFIED,CREDIT_CARD
10000,36,13.06,337.23,84000.0,18.99,1,2,8,0,292,2.2,10,0.0,7.0,C,C2,RENT,VERIFIED,CAR
2800,60,15.21,66.93,84812.0,20.05,0,2,8,0,35118,93.6,14,0.0,7.0,D,D2,MORTGAGE,SOURCE VERIFIED,HOME_IMPROVEMENT
8000,36,7.88,250.25,57996.0,3.97,0,1,5,0,7117,44.2,20,0.0,10.0,A,A5,MORTGAGE,NOT VERIFIED,OTHER
8250,36,9.32,263.57,39600.0,24.45,0,2,17,0,29576,41.1,48,0.0,8.0,A,A4,MORTGAGE,SOURCE VERIFIED,CREDIT_CARD
17000,36,7.88,531.78,72000.0,15.5,0,0,13,0,1652,7.4,26,0.0,3.0,A,A5,RENT,NOT VERIFIED,DEBT_CONSOLIDATION
9600,36,6.76,295.37,50000.0,17.85,0,0,8,0,1697,8.6,18,0.0,5.0,A,A2,MORTGAGE,NOT VERIFIED,HOME_IMPROVEMENT
6600,36,10.83,215.55,72000.0,17.87,0,0,13,1,5595,14.9,25,1.0,0.0,B,B3,MORTGAGE,VERIFIED,CREDIT_CARD
22750,36,11.49,461.6,80004.0,14.73,0,3,11,0,26639,41.0,49,0.0,2.0,B,B4,MORTGAGE,NOT VERIFIED,DEBT_CONSOLIDATION
8000,36,13.92,273.1,86004.0,22.55,0,2,7,0,2149,36.4,20,0.0,6.0,C,C4,RENT,SOURCE VERIFIED,VACATION
4800,36,6.03,146.1,54996.0,5.89,0,0,10,0,8800,38.3,20,0.0,2.0,A,A1,RENT,NOT VERIFIED,OTHER
15000,36,13.49,508.96,42000.0,7.83,0,2,8,0,10799,54.8,12,0.0,8.0,C,C1,MORTGAGE,SOURCE VERIFIED,DEBT_CONSOLIDATION
20000,36,13.85,682.08,80000.0,18.63,1,3,13,0,12189,67.3,26,0.0,2.0,C,C4,RENT,VERIFIED,DEBT_CONSOLIDATION
25000,60,13.49,575.12,94860.0,19.86,0,2,9,0,2740,14.8,35,0.0,1.0,C,C2,MORTGAGE,VERIFIED,HOME_IMPROVEMENT
5050,36,5.42,152.31,69900.0,4.36,0,0,8,0,11624,46.3,26,0.0,10.0,A,A1,MORTGAGE,SOURCE VERIFIED,CAR
4800,36,8.9,152.42,42000.0,6.74,0,1,5,0,177,3.1,13,0.0,6.0,A,A5,OWN,NOT VERIFIED,DEBT_CONSOLIDATION
20000,36,12.69,670.9,72000.0,6.38,0,0,6,0,17391,64.9,9,0.0,5.0,B,B5,RENT,NOT VERIFIED,DEBT_CONSOLIDATION
16000,60,9.99,234.73,96000.0,7.83,0,0,7,0,0,0.0,32,0.0,2.0,B,B4,RENT,VERIFIED,WEDDING
5000,36,12.61,167.54,45000.0,10.75,0,3,7,0,6211,68.3,39,0.0,5.0,C,C2,MORTGAGE,VERIFIED,DEBT_CONSOLIDATION
8000,36,6.76,246.14,64000.0,11.38,0,0,10,0,1664,5.5,24,0.0,2.0,A,A2,MORTGAGE,NOT VERIFIED,WEDDING
6000,36,11.89,198.99,90000.0,22.03,0,0,18,0,58780,75.1,29,0.0,5.0,B,B4,MORTGAGE,NOT VERIFIED,OTHER
2400,36,16.77,85.3,32400.0,17.0,0,1,3,0,3418,97.7,7,0.0,3.0,D,D2,RENT,SOURCE VERIFIED,OTHER
16000,60,13.06,364.55,56000.0,12.09,0,0,4,0,2918,57.2,11,0.0,10.0,C,C2,RENT,VERIFIED,DEBT_CONSOLIDATION
8400,36,16.77,298.53,43200.0,21.39,1,1,10,0,3694,55.1,19,0.0,1.0,D,D2,MORTGAGE,SOURCE VERIFIED,DEBT_CONSOLIDATION
6000,36,13.23,202.83,63000.0,4.38,0,1,5,0,8122,34.1,6,0.0,3.0,C,C1,RENT,NOT VERIFIED,WEDDING
5000,60,16.77,123.65,51600.0,9.65,0,1,3,0,883,34.0,10,0.0,7.0,E,E2,RENT,SOURCE VERIFIED,MAJOR_PURCHASE
8400,36,15.21,292.06,56000.0,19.86,0,1,14,0,6166,65.6,21,0.0,8.0,D,D2,MORTGAGE,VERIFIED,DEBT_CONSOLIDATION
7000,36,13.92,238.96,63000.0,10.55,0,3,6,0,3969,17.6,16,0.0,3.0,C,C4,MORTGAGE,NOT VERIFIED,SMALL_BUSINESS
15000,60,11.12,327.04,55000.0,12.55,0,1,10,0,1196,4.1,21,0.0,10.0,B,B3,MORTGAGE,VERIFIED,CREDIT_CARD
25000,36,17.46,897.06,113000.0,3.94,1,3,10,0,31852,80.6,33,0.0,10.0,F,F4,MORTGAGE,VERIFIED,CREDIT_CARD
8000,36,12.84,268.95,155867.0,8.21,0,3,10,0,23021,78.3,41,0.0,10.0,C,C2,MORTGAGE,VERIFIED,MAJOR_PURCHASE
35000,60,13.49,805.17,60000.0,19.04,0,2,8,0,202,0.4,26,0.0,10.0,C,C1,MORTGAGE,SOURCE VERIFIED,DEBT_CONSOLIDATION
2000,36,7.74,62.44,51000.0,6.45,0,3,6,0,0,0.0,20,0.0,1.0,A,A3,RENT,NOT VERIFIED,OTHER
9500,36,9.96,306.36,58000.0,21.93,0,2,20,0,26218,28.7,26,,1.0,B,B5,RENT,NOT VERIFIED,DEBT_CONSOLIDATION
10800,36,10.75,352.31,100800.0,15.32,0,0,6,0,24675,70.1,13,0.0,10.0,B,B2,MORTGAGE,NOT VERIFIED,MAJOR_PURCHASE
